KOL,gameshow_tham_gia_2024_2025,hashtag_famous
Jenny Huỳnh,,#jennyhuynh
Quang Hùng,Anh trai say hi,#quanghung
Hương Giang,Miss International Queen Vietnam 2025 (producer/NSX) | Miss Universe Vietnam 2024 (producer/organizing team) | Miss Universe 2025 (Vietnam representative),#huonggiang
Chipu,Tỉ tỉ đạp gió rẽ sóng Trung Quốc,#chipu
Hanaholala,,#hanaholala
Khoai Lang Thang,,#khoailangthang
Lê Dương Bảo Lâm,2 Ngày 1 Đêm (cast),#leduongbaolam
Ngô Kiến Huy,2 Ngày 1 Đêm (cast) | Anh Trai Say Hi 2025 – Mùa 2 (participant),#ngokienhuy
Sam,,#sam
Ninh Dương Lan Ngọc,"Running Man Việt Nam – Mùa 3 (cast, 2025)",#ninhduonglanngoc
Diệp Lê,,#dieple
Fabo Nguyễn,,#fabonguyen
Quỳnh Anh Shyn,"Em Xinh Say Hi (participant, 2025)",#quynhanhshyn
Lê Bống,,#lebong
Ciin,,#ciin
Châu Bùi,"Em Xinh Say Hi (participant, 2025)",#chaubui
Phương Mỹ Chi,"Em Xinh Say Hi (participant, 2025)",#phuongmychi
Duy Khánh,Anh trai vượt ngàn chông gai,#duykhanh
Misthy,Chị đẹp đạp gió rẽ sóng ,#misthy
Trấn Thành,"Rap Việt – Mùa 4 (host, 2024) | Running Man Việt Nam – Mùa 3 (cast, 2025)",#tranthanh
Hariwon,AI là ai,#hariwon
