rank,last_7_days,last_30_days,last_120_days
1,mấy bà,jean,jean
2,trả lời,thun,nam nữ
3,chống nắng,nam nữ,thun
4,nam nữ,mấy bà,quần
5,thun,chống nắng,mấy bà
6,jean,chị em,bé gái
7,chị em,quần,tham gia
8,áo thun,kaki,chị em
9,quần,thời trang,bé trai
10,thời trang,áo thun,thời trang
11,kaki,tham gia,giữ nhiệt
12,play now,vải,kaki
13,thun lạnh,bé gái,vải
14,các mom,trả lời,jeans
15,ưu đãi,cotton,áo thun
16,vải,lụa,dài tay
17,combo 2,thun lạnh,lụa
18,các chị,bé trai,cotton
19,tôn dáng,các mom,len
20,tham gia,combo 2,aothun
21,sử dụng,tôn dáng,chống nắng
22,bé gái,jeans,combo 2
23,miễn phí,các chị,các mom
24,giữ nhiệt,ưu đãi,giày
25,aothun,aothun,dép
26,tiện lợi,giữ nhiệt,mấy chị
27,bé trai,dép,áo dài
28,đăng ký,mấy chị,các chị
29,cotton,mua ngay,combo 3
30,this game,cộc tay,hoodie
31,anh chị,anh chị,tôn dáng
32,cao cấp,combo 3,aopolo
33,mọi người,mụn,thun lạnh
34,combo 3,inox,xem ngay
35,áo khoác,makeup,túi
36,mấy chị,đăng ký,suông
37,makeup,play now,vào live
38,cộc tay,túi,makeup
39,lụa,skincare,ống rộng
40,mụn,ống rộng,đen
41,dép,sử dụng,váy
42,tham khảo,áo khoác,fan cứng
43,hôm nay,aopolo,mở live phát
44,jeans,đùi,quà free tung tóe
45,ống rộng,váy,xem live thôi
46,chân ái,nước hoa,fan
47,mua ngay,các mẹ,vào ngay
48,các mẹ,miễn phí,ống suông
49,inox,giày,inox
50,nước hoa,săn ngay,anh chị
51,đơn giản,kem,các mẹ
52,aopolo,dài tay,deals
53,áo chống nắng,combo 5,ưu đãi cháy hàng
54,đùi,các nàng,áo khoác
55,áo polo,ống suông,mua ngay
56,combo 5,đen,nhanh vào nào
57,love this game,mọi người,vào live săn giá rẻ
58,săn ngay,serum,aopolonam
59,for free,suông,skincare
60,túi,hôm nay,nàng
61,kem chống nắng,áo chống nắng,giaynam
62,tai nghe,xem ngay,săn ngay
63,giày,tham khảo,các nàng
64,ống suông,cao cấp,mụn
65,skincare,nàng,kem
66,quần short,tiện lợi,tay dài
67,khuyết điểm,kemchongnang,miễn ship
68,dầu gội,rửa mặt,ưu đãi
69,chân váy,khuyết điểm,khuyết điểm
70,ốp lưng,áo polo,áo giữ nhiệt
71,kemchongnang,thử ngay,baggy
72,rửa mặt,kính,combo 5
73,harder than you think,chân váy,giaydep
74,kem,khẩu trang,serum
75,thể thao,dưỡng da,ren
76,đen,kem chống nắng,son
77,vệ sinh,vào live,áo polo
78,đăng nhập,miễn ship,nước hoa
79,khẩu trang,vào ngay,cộc tay
80,thử ngay,balo,sweater
81,dài tay,dầu gội,lông
82,các nàng,this game,kính
83,trải nghiệm,chân ái,cổ tròn
84,miễn ship,aopolonam,quần jean nam
85,váy,đơn giản,chân váy
86,suông,ren,đùi
87,free,đánh răng,bomber
88,try it,quần kaki,kemchongnang
89,nàng,son,giaysneaker
90,dưỡng da,silicon,namdep
91,kính,quần short,tay ngắn
92,1.280.000 người sử dụng,cạp cao,form rộng
93,điện thoại,baggy,nhựa
94,nhanh tay,tai nghe,đầm
95,chất lượng,vệ sinh,chống nước
96,mua 1 tặng 1,xem live thôi,che khuyết điểm
97,serum,for free,cạp cao
98,chăm sóc,mở live phát,jogger
99,bảo vệ,fan,dưỡng da
100,đánh răng,massage,vayxinh
101,che khuyết điểm,quà free tung tóe,rửa mặt
102,quần kaki,fan cứng,trắng
103,miếng dán,short,aodaitet
104,download now,tay ngắn,aothunnu
105,toàn quốc,đeo chéo,massage
106,người sử dụng,mua 1 tặng 1,aodai
107,áo lót,anvat,aohoodie
108,xem ngay,1.280.000 người sử dụng,cổ cao
109,giỏ hàng,free,trung niên
110,balo,cổ tròn,namcaocap
111,co giãn,cạo râu,chị
112,sang trọng,giaynam,áo polo nam
113,aothunnu,deals,balo
114,aopolonam,aothunnu,combo 4
115,trợ giá,ốp lưng,thử ngay
116,try it now,ưu đãi cháy hàng,nỉ bông
117,cạp cao,thể thao,khẩu trang
118,silicon,sữa rửa mặt,cao gót
119,ren,che khuyết điểm,đeo chéo
120,khuyến mãi,khử mùi,quần nỉ
121,khử mùi,giaydep,kem chống nắng
122,son,chống nước,thun cotton
123,thâm,tay dài,trẻ em
124,đồng hồ,nhựa,các chị em
125,trẻ trung,vào live săn giá rẻ,mua 1 tặng 1
126,mặt nạ,sách,sang trọng
127,đựng đồ,đồng hồ,free
128,sữa rửa mặt,phụ nữ,aosweater
129,tay dài,trắng,anvat
130,đeo chéo,đựng đồ,giày thể thao
131,chính hãng,combo 4,áo thun nam nữ
132,chống nước,đầm,tham khảo
133,nhựa,mẹ bầu,titan
134,áo phông,nhanh vào nào,quai ngang
135,quà tặng,sang trọng,đồng hồ
136,phụ nữ,form rộng,salevuixuyentet
137,baggy,áo polo nam,phụ nữ
138,quần đùi,kem đánh răng,đánh răng
139,kính râm,love this game,aothunnamnu
140,giaydep,cao gót,short
141,áo polo nam,babydoll,áo phao
142,quần áo,đăng nhập,dầu gội
143,kem đánh răng,trẻ trung,combo 10
144,đỡ điện thoại,nhanh tay,áo len
145,vào live,chăm sóc,trẻ trung
146,tay ngắn,vayxinh,áo thun nam
147,áo sơ mi nam,trải nghiệm,sách
148,kem chống,dưỡng ẩm,cạo râu
149,tải game,đỡ điện thoại,ngắn tay
150,giá rẻ,harder than you think,nhung
151,trắng,áo lót,lông cừu
152,cổ tròn,chị,for free
153,chị,điện thoại,goclamdep
154,trang điểm,thâm,rửa xe
155,cạo râu,kính râm,dưỡng ẩm
156,cao gót,ngắn tay,quần kaki
157,miễn 100% phí ship,titan,mua ở đây
158,ra mắt hôm nay,giảm giá,trợ giá
159,dưỡng ẩm,suckhoe,áo sơ mi nam
160,đăng ký ngay,sữa tắm,sắm ngay
161,form rộng,download now,đàn ông
162,short,salevuixuyentet,bạc
163,anvat,áo phông,đựng đồ
164,mùa hè,mặt nạ,sử dụng
165,chống thấm,quần áo,đèn
166,sữa tắm,try it,đỡ điện thoại
167,giaynam,chất lượng,dép nam
168,babydoll,trợ giá,loa
169,đăng ký và giao dịch,quai ngang,boxer
170,aoxinh,bảo vệ,túi hộp
171,click and download rednote,trang điểm,giảm giá
172,relaxing game,miếng dán,croptop
173,các chị em,aoxinh,quần âu
174,mẹ bầu,chống thấm,khăn
175,sách,quà tặng,loabluetooth
176,sạc nhanh,trẻ em,depnam
177,giảm giá,namdep,aoxinh
178,chất liệu,đăng ký và giao dịch,mẹ bầu
179,nước giặt,các chị em,hôm nay
180,quanshort,hoodie,sữa rửa mặt
181,áo thun nữ,áo sơ mi nam,giữ ấm
182,addictive game,tẩy trang,giá ưu đãi
183,tải xuống,nón,nam giới
184,chó mèo,giỏ hàng,sữa tắm
185,quai ngang,khuyến mãi,tẩy trang
186,polo nam,trung niên,áo thun nữ
187,tặng 1,áo thun nữ,đăng ký
188,massage,giaysneaker,hút bụi
189,phát triển,combo 10,trang điểm
190,trung niên,sạc dự phòng,mascara
191,aobabydoll,thun cotton,cao cấp
192,salevuixuyentet,quần âu,nam và nữ
193,combo 10,aobabydoll,aodaichobe
194,chăm da,miễn phí ship,độc
195,it now,đàn ông,play now
196,quá rẻ,chăm da,khử mùi
197,bình giữ nhiệt,tải xuống,babydoll
198,depnam,người sử dụng,thâm
199,tẩy trang,toàn quốc,mấy anh
200,chơi ngay,áo thun nam nữ,giày nam
201,vào ngay,kemchongnangnangtone,khuyến mãi
202,tranh thủ,nước giặt,nhuộm tóc
203,suckhoe,dép nam,kẹp tóc
204,bánh tráng,quanshort,mọi người
205,kemchongnangnangtone,mua ở đây,quần short
206,lựa chọn,túi hộp,1.280.000 người sử dụng
207,nhẹ nhàng,đăng ký ngay,nón
208,titan,boxer,sạc dự phòng
209,tham khảo nha,rửa xe,giaynamdep
210,mâm xôi,chó mèo,ốp lưng
211,áo thun polo,try it now,quankaki
212,lens,jogger,kính râm
213,mở live phát,quần jean nam,chống thấm
214,phong cách,thải độc,tai nghe
215,cải thiện,mèo,khautrang5d
216,quần short kaki,bình giữ nhiệt,suckhoe
217,quà free tung tóe,khẩu trang 5d,làm đẹp
218,combo 4,che nắng,tất
219,quần âu,nhận ngay,mom
220,most addictive game,dép sục,bodymist
221,quần legging,depnam,quần jeans
222,2 dây,quần đùi,aonam
223,hai dây,case,giày thể thao nam
224,trẻ em,tham khảo nha,thải độc
225,rửa xe,nam giới,quanjean
226,thú cưng,giá rẻ,quannam
227,vayxinh,co giãn,free download
228,2 lớp,nam và nữ,legging
229,bộ sạc,suaruamat,vải cotton
230,che nắng,giày thể thao,quần âu nam
231,dưỡng trắng,bánh tráng,anh chị em
232,dép sục,chính hãng,camera
233,áo thun nam nữ,aochongnang,ưu đãi 50%
234,chiến ngay,đũi,chống trơn trượt
235,gia đình,tải ngay,khẩu trang 5d
236,nón,cổ tim,vàng
237,mèo,loabluetooth,lens
238,đàn ông,aothunnamnu,giaynu
239,lọc nước,quần short nam,quanshortnam
240,xinh lắm,nhuộm tóc,lông thỏ
241,case,croptop,miễn phí
242,giày thể thao,quankaki,cá tính
243,thắt lưng,tặng 1,chống trượt
244,che khuyết,đèn,túi xách
245,quần suông,kem dưỡng,quankakinam
246,giaysneaker,sắm ngay,deal mở bán
247,khẩu trang 5d,namcaocap,áo khoác gió
248,đồng hồ nam,ống loe,download now
249,tinh tế,nước hoa nam,tiện lợi
250,học sinh,2 dây,đèn led
251,tải ngay,goclamdep,áo phông
252,puzzle game,lens,quanshort
253,sạc dự phòng,trà mâm xôi,da lộn
254,puzzle,áo dài,ống loe
255,xem live thôi,hút bụi,áo lót
256,1 tặng,puzzle,giaydanam
257,namdep,loa,kem đánh răng
258,ngắn tay,mũ bảo hiểm,xanh
259,ống loe,mom,xuông
260,nước hoa nam,độc,đơn giản
261,trà mâm xôi,anh chị em,trễ vai
262,miễn phí ship,bạc,đũi
263,mẹ bỉm,kim loại,bộ quần áo
264,thảo dược,hai dây,tham khảo nha
265,đặt ngay,legging,vải lụa
266,fan,quần short kaki,quần áo
267,dây chuyền,áo thun nam,mặt nạ
268,legging,khautrang5d,quà tặng
269,trễ vai,chơi game,giaycaogot
270,áo babydoll,kẹp tóc,kemchongnangnangtone
271,nam và nữ,puzzle game,aodaibegai
272,thanh lịch,nhẹ nhàng,áo thun dài tay
273,quần short jean,mùa hè,aosomi
274,tải game ngay,trĩ,nước hoa nam
275,đèn,dưỡng trắng,nam trung niên
276,áo dài,kính cường lực,chăm da
277,đầm,bodymist,aodep
278,da dầu,giảm giá 50%,lau đồ gỗ
279,túi hộp,ưu đãi 50%,dép sục
280,jogger,cạp chun,mấy nàng
281,dép nam,thắt lưng,hãy thử
282,aochongnang,addictive game,nỉ nhung
283,quần jean nam,free ship,body
284,aothunnamnu,tinh tế,sấy tóc
285,khăn tắm,cải thiện,miễn phí ship
286,free ship,lựa chọn,quanjeannam
287,giá hời,quần jeans,suaruamat
288,nhận ngay,quần short jean,kemduongam
289,hoodie,sale sập sàn,dầu
290,găng tay,most addictive game,mũ bảo hiểm
291,quần jeans,quần legging,kháng khuẩn
292,bông tai,giá ưu đãi,mấy mom
293,quần gió,dầu,quần jean nữ
294,bạc,giaynu,quần tất
295,mẫu mới,trễ vai,áo thun cotton
296,goclamdep,hãy thử,aodaivietnam
297,túi xách,phong cách,quần legging
298,kháng khuẩn,sạc nhanh,dưỡng môi
299,phục hồi,vải cotton,túi xách nữ
300,chơi game,túi xách,cạp chun
301,deals,giá đỡ điện thoại,tăng chiều cao
302,sắm ngay,ra mắt hôm nay,chó mèo
303,mềm mại,gia đình,áo khoác nỉ
304,đẹp quá,học sinh,aobabydoll
305,kem dưỡng,chống tia uv,quần suông
306,deal mở bán,aosomi,con gái
307,kem body,làm đẹp,tăng áp
308,khám phá,chống trượt,ống đứng
309,vào live săn giá rẻ,quanshortnam,giaythethao
310,bảo hành,áo thun polo,phone packages for smbs
311,sale sập sàn,áo babydoll,kids
312,khăn ướt,tăng áp,perfume
313,quần ống rộng,dưỡng tóc,xám
314,dán tường,tranh thủ,chân ái
315,quần lót,mascara,nước giặt
316,áo khoác chống nắng,con gái,chống nhăn
317,voan tơ,thép không gỉ,big size
318,sang chảnh,mùi hôi,treo quần áo
319,quảng cáo,it now,gối
320,kem bôi,99k,dưỡng tóc
321,quần dài,chất liệu,cổ trụ
322,nâng tone,quần chip,dép da nam
323,tế bào chết,tải game,quần short jean
324,ốp lưng iphone,camera,nhanh tay
325,chống trơn trượt,thanh lịch,vaythietke
326,đồ chơi,bé trai bé gái,áo hoodie
327,sáng da,quần suông,mèo
328,cổ tim,tế bào chết,mua nhanh
329,đựng quần áo,mấy nàng,cổ tim
330,quần chip,sẹo,mua tại đây
331,sữa rửa,kem chống,trĩ
332,câu cá,iphone,nâu
333,bộ sạc nhanh,vào tham khảo,đăng nhập
334,mùi hôi,big size,nhẫn
335,ưu đãi cháy hàng,100 usd,lau nhà
336,siêu phẩm,mũ lưỡi trai,giá đỡ điện thoại
337,kẹp tóc,kemtaylong,áo sweater
338,cạp chun,bộ sạc,trải nghiệm
339,set bộ,phát triển,ace
340,doanh nghiệp,cổ cao,sang chảnh
341,aosomi,sáng da,chanvayxinh
342,quần ống,sấy tóc,dáng suông
343,xe máy,miễn 100% phí ship,đồng hồ nam
344,chống sốc,kem body,free ship
345,croptop,đồng hồ nam,giảm giá 50%
346,khăn giấy,quần âu nam,sneakers
347,vay tiền,gối,aodaichobegai
348,quannam,lọc nước,quần ống rộng
349,áo xinh,perfume,cấp ẩm
350,trà lá,khăn tắm,cardigan
351,nhận quà,quannam,nếp nhăn
352,kính cường lực,ốp lưng iphone,nhôm
353,việt nam,kháng khuẩn,99k
354,fan cứng,cá tính,nuochoa
355,mom,sang chảnh,áo thun polo nam
356,mấy nàng,click and download rednote,sale sập sàn
357,thải độc,mấy anh,quần short jean nam
358,iphone,quần lót,vệ sinh
359,bé trai bé gái,cổ tàu,aosominam
360,nhuộm tóc,mấy mom,áo khoác bomber
361,100% online,mẹ bỉm,dưỡng thể
362,giá đỡ điện thoại,chơi ngay,găng tay
363,hack dáng,dung dịch vệ sinh,xếp ly
364,suaruamat,bông tai,vay
365,quanshortnam,máy sấy tóc,áo thun polo
366,jean nam,chống trơn trượt,gấm
367,mũ bảo hiểm,túi đeo chéo,lọc nước
368,game nhập vai,đọc sách,try it now
369,thử đi,nếp nhăn,2 dây
370,năng động,treo quần áo,vali
371,perfume,tẩy tế bào chết,thể thao
372,mascara,nón bảo hiểm,flashsale
373,áo thun nam,găng tay,tinh tế
374,quần short nam,body,bình giữ nhiệt
375,sơ mi nam,kem nền,khăn ướt
376,nón bảo hiểm,dép da nam,quần jean suông
377,bảo vệ camera,tai nghe bluetooth,người yêu
378,anh chị em,vay tiền,quần dài
379,công nghệ,quần jean nữ,dưỡng trắng
380,mấy anh,phục hồi,rụng tóc
381,cá tính,quá rẻ,thắt lưng
382,hút bụi,bộ quần áo,mùi hôi
383,thun cotton,cường lực,thanh lịch
384,giaynu,vào game,áo chống nắng
385,kem lót,dưỡng thể,thép
386,tai nghe bluetooth,depnu,kemduongtrangda
387,giá ưu đãi,bộ cộc tay,depnu
388,mua ở đây,áo khoác chống nắng,dùng ngay
389,giảm 50%,quankakinam,áo khoác nam
390,dễ thương,trà lá mâm xôi,combo 3 chai
391,ố vàng,đựng quần áo,săn liền
392,không dây,bộ thể thao,continue watching
393,tập gym,băng vệ sinh,lệch vai
394,loabluetooth,polo nam,ống xuông
395,áo khoác gió,việt nam,chống dính
396,quankaki,quần ống rộng,quà
397,vay online,deal mở bán,bông tai
398,bộ thun lạnh,kính đọc sách,tế bào chết
399,giảm giá 50%,da dầu,bodysuit
400,cầm tay,vòng tay,túi đeo chéo
401,đũi,dây chuyền,quần short nam
402,chống trượt,cấp ẩm,sieusaleblackfriday
403,cổ cao,mâm xôi,aodaicachtan
404,loa,khám phá,đèn năng lượng mặt trời
405,viêm da,giảm 50%,suông ống rộng
406,thun tăm,tập gym,miếng dán
407,tẩy tế bào chết,flashsale,nhăn
408,mũ lưỡi trai,mềm mại,quần jean ống suông
409,bọng mắt,áo xinh,áo giữ nhiệt nam
410,cường lực,combo 6,điện thoại
411,mua liền,thảo dược,áo dài cách tân
412,combo 6,nhẫn,áo khoác phao
413,chống tia uv,dưỡng môi,video chat
414,giảm mụn,quần nỉ,cao cổ
415,làm đẹp,quần gió,kem nền
416,1 tặng 1,vải đũi,học sinh
417,da dầu mụn,quần váy,giayluoinam
418,dép da nam,mua nhanh,máy sấy tóc
419,game ngay,1 tặng,giỏ hàng
420,cáp sạc,kem bôi,mua liền
421,short kaki,chó,vào giỏ hàng
422,mấy mom,tất,tẩy tế bào chết
423,đèn led,tẩy lông,mẹ bỉm
424,độc,khăn ướt,hồng
425,nếp nhăn,máy cạo râu,chống thấm nước
426,giá tốt,quần short jean nam,khăn tắm
427,kim loại,vàng,kim loại
428,uy tín,giá hời,kính cường lực
429,du lịch,đèn led,dầu sáp ong
430,phiên bản mới,thâm nám,trà mâm xôi
431,áo giữ nhiệt,mẫu mới,donghonam
432,trị mụn,hoa hồng,dáng dài
433,bodymist,da dầu mụn,giaysneakernam
434,combo 3 áo,áo khoác gió,sang
435,khoản vay,khăn giấy,đọc sách
436,mắt mèo,băng vệ sinh dạng quần,bảo vệ sức khỏe
437,máy cạo râu,500g,this game
438,áo thun polo nam,lau nhà,iphone
439,quạt cầm tay,khăn,vải nỉ
440,con gái,tìm hiểu,tai nghe bluetooth
441,tìm hiểu,tăng chiều cao,giay
442,hoa hồng,inox 304,lưng cao
443,nam giới,vải lụa,dép quai ngang
444,dùng thử,quanjean,dây chuyền
445,tư vấn,nuochoa,perfumebalm
446,sẹo,2 lớp,cổ tàu
447,chó,giày nam,kem dưỡng
448,donghonam,bộ sạc nhanh,kem body
449,băng vệ sinh,đồ chơi,500ml
450,đế cao,người dùng,100ml
451,mấy ní,lão hóa,mũ lưỡi trai
452,thâm nám,vali,hai dây
453,boxer,sữa rửa,puzzle
454,áo bra,iphonecase,che nắng
455,mua nhanh,mấy ní,thun tăm
456,tinh dầu,siêu phẩm,dưỡng trắng da
457,dầu,dép quai ngang,chăm sóc
458,nhẫn,aobalo,khăn giấy
459,dễ phối đồ,bảo hành,giaynamcaocap
460,đổi màu,thú cưng,sẹo
461,sấy tóc,ốplưngđiệnthoại,dung dịch vệ sinh
462,giá đỡ,công nghệ,ốplưngđiệnthoại
463,bộ quần áo,rụng tóc,giày cao gót
464,dép da,che khuyết,chất lượng
465,khautrang5d,xinh lắm,depnamdep
466,treo quần áo,dép nữ,đặt ngay
467,quần váy,tramamxoi,kem dưỡng ẩm
468,mũ chống nắng,món quà,kemtaylong
469,hãy thử,chống thấm nước,thép không gỉ
470,tẩy lông,đẹp quá,aopolodep
471,món quà,combo 3 chai,bảo vệ
472,săn deal,cắt tóc,boxy
473,rụng tóc,giaycaogot,ốp lưng iphone
474,dung dịch,hack dáng,bé trai và bé gái
475,namcaocap,kemdanhrang,bánh tráng
476,vào tham khảo,vaythietke,chốt ngay
477,bộ thể thao,đặt ngay,silicone
478,dáng dài,săn liền,combo 6
479,tản nhiệt,megaflashsale,20000mah
480,túi đeo chéo,năng động,quần ống suông
481,trà lá mâm xôi,xe máy,denim
482,định hình,giày thể thao nam,bánh
483,lạp xưởng,relaxing game,áo babydoll
484,kẻ mắt,mua liền,perfumetiktok
485,cáp sạc nhanh,bé sơ sinh,socola
486,áo xinh #xuhuongtiktok,quần dài,aokieunu
487,live streaming,dáng suông,nước hoa nữ
488,mồ hôi,xỏ ngón,trà hoa
489,inox 304,kem dưỡng ẩm,trẻ
490,"anytime, anywhere",đặt hàng,quần chip
491,tất,xếp ly,bánh phồng tôm
492,kem nền,quần tây,xỏ ngón
493,quanjean,đế cao,chống nhìn trộm
494,bộ cộc tay,toner,tôn da
495,100 usd,chiến ngay,len lông thỏ
496,cổ tàu,trà hoa thảo dược,chăn
497,dự phòng,ace,quần đùi
498,xay sinh tố,câu cá,đế cao
499,xem video,play for free,quanongrong
500,combo 2 quần,thun tăm,quần tây nam
